Ib_mA,Vce_V,Ic_A,,,,,,,,,,,,,,,,,X--Trace 6::[iib=0.015; I(Q1[IC])],Y--Trace 6::[iib=0.015; I(Q1[IC])]
15,0,-0.0112936,,,,,,,,,,,,,,,,,0,-0.0112936
15,0.1,0.132282,,,,,,,,,,,,,,,,,0.1,0.132282
15,0.2,0.3367,,,,,,,,,,,,,,,,,0.2,0.3367
15,0.3,0.556435,,,,,,,,,,,,,,,,,0.3,0.556435
15,0.4,0.770108,,,,,,,,,,,,,,,,,0.4,0.770108
15,0.5,0.946925,,,,,,,,,,,,,,,,,0.5,0.946925
15,0.6,1.02553,,,,,,,,,,,,,,,,,0.6,1.02553
15,0.7,1.03493,,,,,,,,,,,,,,,,,0.7,1.03493
15,0.8,1.03649,,,,,,,,,,,,,,,,,0.8,1.03649
15,0.9,1.03749,,,,,,,,,,,,,,,,,0.9,1.03749
15,1,1.03852,,,,,,,,,,,,,,,,,1,1.03852
15,1.1,1.03955,,,,,,,,,,,,,,,,,1.1,1.03955
15,1.2,1.04058,,,,,,,,,,,,,,,,,1.2,1.04058
15,1.3,1.04161,,,,,,,,,,,,,,,,,1.3,1.04161
15,1.4,1.04263,,,,,,,,,,,,,,,,,1.4,1.04263
15,1.5,1.04366,,,,,,,,,,,,,,,,,1.5,1.04366
15,1.6,1.04469,,,,,,,,,,,,,,,,,1.6,1.04469
15,1.7,1.04572,,,,,,,,,,,,,,,,,1.7,1.04572
15,1.8,1.04674,,,,,,,,,,,,,,,,,1.8,1.04674
15,1.9,1.04777,,,,,,,,,,,,,,,,,1.9,1.04777
15,2,1.0488,,,,,,,,,,,,,,,,,2,1.0488
15,2.1,1.04983,,,,,,,,,,,,,,,,,2.1,1.04983
15,2.2,1.05086,,,,,,,,,,,,,,,,,2.2,1.05086
15,2.3,1.05188,,,,,,,,,,,,,,,,,2.3,1.05188
15,2.4,1.05291,,,,,,,,,,,,,,,,,2.4,1.05291
15,2.5,1.05394,,,,,,,,,,,,,,,,,2.5,1.05394
15,2.6,1.05497,,,,,,,,,,,,,,,,,2.6,1.05497
15,2.7,1.05599,,,,,,,,,,,,,,,,,2.7,1.05599
15,2.8,1.05702,,,,,,,,,,,,,,,,,2.8,1.05702
15,2.9,1.05805,,,,,,,,,,,,,,,,,2.9,1.05805
15,3,1.05908,,,,,,,,,,,,,,,,,3,1.05908
15,3.1,1.0601,,,,,,,,,,,,,,,,,3.1,1.0601
15,3.2,1.06113,,,,,,,,,,,,,,,,,3.2,1.06113
15,3.3,1.06216,,,,,,,,,,,,,,,,,3.3,1.06216
15,3.4,1.06319,,,,,,,,,,,,,,,,,3.4,1.06319
15,3.5,1.06422,,,,,,,,,,,,,,,,,3.5,1.06422
15,3.6,1.06524,,,,,,,,,,,,,,,,,3.6,1.06524
15,3.7,1.06627,,,,,,,,,,,,,,,,,3.7,1.06627
15,3.8,1.0673,,,,,,,,,,,,,,,,,3.8,1.0673
15,3.9,1.06833,,,,,,,,,,,,,,,,,3.9,1.06833
15,4,1.06935,,,,,,,,,,,,,,,,,4,1.06935
15,4.1,1.07038,,,,,,,,,,,,,,,,,4.1,1.07038
15,4.2,1.07141,,,,,,,,,,,,,,,,,4.2,1.07141
15,4.3,1.07244,,,,,,,,,,,,,,,,,4.3,1.07244
15,4.4,1.07346,,,,,,,,,,,,,,,,,4.4,1.07346
15,4.5,1.07449,,,,,,,,,,,,,,,,,4.5,1.07449
15,4.6,1.07552,,,,,,,,,,,,,,,,,4.6,1.07552
15,4.7,1.07655,,,,,,,,,,,,,,,,,4.7,1.07655
15,4.8,1.07758,,,,,,,,,,,,,,,,,4.8,1.07758
15,4.9,1.0786,,,,,,,,,,,,,,,,,4.9,1.0786
15,5,1.07963,,,,,,,,,,,,,,,,,5,1.07963
15,5.1,1.08066,,,,,,,,,,,,,,,,,5.1,1.08066
15,5.2,1.08169,,,,,,,,,,,,,,,,,5.2,1.08169
15,5.3,1.08271,,,,,,,,,,,,,,,,,5.3,1.08271
15,5.4,1.08374,,,,,,,,,,,,,,,,,5.4,1.08374
15,5.5,1.08477,,,,,,,,,,,,,,,,,5.5,1.08477
15,5.6,1.0858,,,,,,,,,,,,,,,,,5.6,1.0858
15,5.7,1.08682,,,,,,,,,,,,,,,,,5.7,1.08682
15,5.8,1.08785,,,,,,,,,,,,,,,,,5.8,1.08785
15,5.9,1.08888,,,,,,,,,,,,,,,,,5.9,1.08888
15,6,1.08991,,,,,,,,,,,,,,,,,6,1.08991
15,6.1,1.09094,,,,,,,,,,,,,,,,,6.1,1.09094
15,6.2,1.09196,,,,,,,,,,,,,,,,,6.2,1.09196
15,6.3,1.09299,,,,,,,,,,,,,,,,,6.3,1.09299
15,6.4,1.09402,,,,,,,,,,,,,,,,,6.4,1.09402
15,6.5,1.09505,,,,,,,,,,,,,,,,,6.5,1.09505
15,6.6,1.09607,,,,,,,,,,,,,,,,,6.6,1.09607
15,6.7,1.0971,,,,,,,,,,,,,,,,,6.7,1.0971
15,6.8,1.09813,,,,,,,,,,,,,,,,,6.8,1.09813
15,6.9,1.09916,,,,,,,,,,,,,,,,,6.9,1.09916
15,7,1.10018,,,,,,,,,,,,,,,,,7,1.10018
15,7.1,1.10121,,,,,,,,,,,,,,,,,7.1,1.10121
15,7.2,1.10224,,,,,,,,,,,,,,,,,7.2,1.10224
15,7.3,1.10327,,,,,,,,,,,,,,,,,7.3,1.10327
15,7.4,1.1043,,,,,,,,,,,,,,,,,7.4,1.1043
15,7.5,1.10532,,,,,,,,,,,,,,,,,7.5,1.10532
15,7.6,1.10635,,,,,,,,,,,,,,,,,7.6,1.10635
15,7.7,1.10738,,,,,,,,,,,,,,,,,7.7,1.10738
15,7.8,1.10841,,,,,,,,,,,,,,,,,7.8,1.10841
15,7.9,1.10943,,,,,,,,,,,,,,,,,7.9,1.10943
15,8,1.11046,,,,,,,,,,,,,,,,,8,1.11046
15,8.1,1.11149,,,,,,,,,,,,,,,,,8.1,1.11149
15,8.2,1.11252,,,,,,,,,,,,,,,,,8.2,1.11252
15,8.3,1.11355,,,,,,,,,,,,,,,,,8.3,1.11355
15,8.4,1.11457,,,,,,,,,,,,,,,,,8.4,1.11457
15,8.5,1.1156,,,,,,,,,,,,,,,,,8.5,1.1156
15,8.6,1.11663,,,,,,,,,,,,,,,,,8.6,1.11663
15,8.7,1.11766,,,,,,,,,,,,,,,,,8.7,1.11766
15,8.8,1.11868,,,,,,,,,,,,,,,,,8.8,1.11868
15,8.9,1.11971,,,,,,,,,,,,,,,,,8.9,1.11971
15,9,1.12074,,,,,,,,,,,,,,,,,9,1.12074
15,9.1,1.12177,,,,,,,,,,,,,,,,,9.1,1.12177
15,9.2,1.12279,,,,,,,,,,,,,,,,,9.2,1.12279
15,9.3,1.12382,,,,,,,,,,,,,,,,,9.3,1.12382
15,9.4,1.12485,,,,,,,,,,,,,,,,,9.4,1.12485
15,9.5,1.12588,,,,,,,,,,,,,,,,,9.5,1.12588
15,9.6,1.12691,,,,,,,,,,,,,,,,,9.6,1.12691
15,9.7,1.12793,,,,,,,,,,,,,,,,,9.7,1.12793
15,9.8,1.12896,,,,,,,,,,,,,,,,,9.8,1.12896
15,9.9,1.12999,,,,,,,,,,,,,,,,,9.9,1.12999
15,10,1.13102,,,,,,,,,,,,,,,,,10,1.13102
12,0,-0.00913304,,,,,,,,,,,,,,,,,,
12,0.1,0.124025,,,,,,,,,,,,,,,,,,
12,0.2,0.322468,,,,,,,,,,,,,,,,,,
12,0.3,0.534981,,,,,,,,,,,,,,,,,,
12,0.4,0.733298,,,,,,,,,,,,,,,,,,
12,0.5,0.868603,,,,,,,,,,,,,,,,,,
12,0.6,0.90242,,,,,,,,,,,,,,,,,,
12,0.7,0.905436,,,,,,,,,,,,,,,,,,
12,0.8,0.906464,,,,,,,,,,,,,,,,,,
12,0.9,0.907366,,,,,,,,,,,,,,,,,,
12,1,0.908265,,,,,,,,,,,,,,,,,,
12,1.1,0.909164,,,,,,,,,,,,,,,,,,
12,1.2,0.910062,,,,,,,,,,,,,,,,,,
12,1.3,0.910961,,,,,,,,,,,,,,,,,,
12,1.4,0.911859,,,,,,,,,,,,,,,,,,
12,1.5,0.912758,,,,,,,,,,,,,,,,,,
12,1.6,0.913656,,,,,,,,,,,,,,,,,,
12,1.7,0.914555,,,,,,,,,,,,,,,,,,
12,1.8,0.915453,,,,,,,,,,,,,,,,,,
12,1.9,0.916352,,,,,,,,,,,,,,,,,,
12,2,0.917251,,,,,,,,,,,,,,,,,,
12,2.1,0.918149,,,,,,,,,,,,,,,,,,
12,2.2,0.919048,,,,,,,,,,,,,,,,,,
12,2.3,0.919946,,,,,,,,,,,,,,,,,,
12,2.4,0.920845,,,,,,,,,,,,,,,,,,
12,2.5,0.921743,,,,,,,,,,,,,,,,,,
12,2.6,0.922642,,,,,,,,,,,,,,,,,,
12,2.7,0.92354,,,,,,,,,,,,,,,,,,
12,2.8,0.924439,,,,,,,,,,,,,,,,,,
12,2.9,0.925338,,,,,,,,,,,,,,,,,,
12,3,0.926236,,,,,,,,,,,,,,,,,,
12,3.1,0.927135,,,,,,,,,,,,,,,,,,
12,3.2,0.928033,,,,,,,,,,,,,,,,,,
12,3.3,0.928932,,,,,,,,,,,,,,,,,,
12,3.4,0.92983,,,,,,,,,,,,,,,,,,
12,3.5,0.930729,,,,,,,,,,,,,,,,,,
12,3.6,0.931627,,,,,,,,,,,,,,,,,,
12,3.7,0.932526,,,,,,,,,,,,,,,,,,
12,3.8,0.933425,,,,,,,,,,,,,,,,,,
12,3.9,0.934323,,,,,,,,,,,,,,,,,,
12,4,0.935222,,,,,,,,,,,,,,,,,,
12,4.1,0.93612,,,,,,,,,,,,,,,,,,
12,4.2,0.937019,,,,,,,,,,,,,,,,,,
12,4.3,0.937917,,,,,,,,,,,,,,,,,,
12,4.4,0.938816,,,,,,,,,,,,,,,,,,
12,4.5,0.939714,,,,,,,,,,,,,,,,,,
12,4.6,0.940613,,,,,,,,,,,,,,,,,,
12,4.7,0.941512,,,,,,,,,,,,,,,,,,
12,4.8,0.94241,,,,,,,,,,,,,,,,,,
12,4.9,0.943309,,,,,,,,,,,,,,,,,,
12,5,0.944207,,,,,,,,,,,,,,,,,,
12,5.1,0.945106,,,,,,,,,,,,,,,,,,
12,5.2,0.946004,,,,,,,,,,,,,,,,,,
12,5.3,0.946903,,,,,,,,,,,,,,,,,,
12,5.4,0.947801,,,,,,,,,,,,,,,,,,
12,5.5,0.9487,,,,,,,,,,,,,,,,,,
12,5.6,0.949599,,,,,,,,,,,,,,,,,,
12,5.7,0.950497,,,,,,,,,,,,,,,,,,
12,5.8,0.951396,,,,,,,,,,,,,,,,,,
12,5.9,0.952294,,,,,,,,,,,,,,,,,,
12,6,0.953193,,,,,,,,,,,,,,,,,,
12,6.1,0.954091,,,,,,,,,,,,,,,,,,
12,6.2,0.95499,,,,,,,,,,,,,,,,,,
12,6.3,0.955888,,,,,,,,,,,,,,,,,,
12,6.4,0.956787,,,,,,,,,,,,,,,,,,
12,6.5,0.957686,,,,,,,,,,,,,,,,,,
12,6.6,0.958584,,,,,,,,,,,,,,,,,,
12,6.7,0.959483,,,,,,,,,,,,,,,,,,
12,6.8,0.960381,,,,,,,,,,,,,,,,,,
12,6.9,0.96128,,,,,,,,,,,,,,,,,,
12,7,0.962178,,,,,,,,,,,,,,,,,,
12,7.1,0.963077,,,,,,,,,,,,,,,,,,
12,7.2,0.963975,,,,,,,,,,,,,,,,,,
12,7.3,0.964874,,,,,,,,,,,,,,,,,,
12,7.4,0.965773,,,,,,,,,,,,,,,,,,
12,7.5,0.966671,,,,,,,,,,,,,,,,,,
12,7.6,0.96757,,,,,,,,,,,,,,,,,,
12,7.7,0.968468,,,,,,,,,,,,,,,,,,
12,7.8,0.969367,,,,,,,,,,,,,,,,,,
12,7.9,0.970265,,,,,,,,,,,,,,,,,,
12,8,0.971164,,,,,,,,,,,,,,,,,,
12,8.1,0.972062,,,,,,,,,,,,,,,,,,
12,8.2,0.972961,,,,,,,,,,,,,,,,,,
12,8.3,0.97386,,,,,,,,,,,,,,,,,,
12,8.4,0.974758,,,,,,,,,,,,,,,,,,
12,8.5,0.975657,,,,,,,,,,,,,,,,,,
12,8.6,0.976555,,,,,,,,,,,,,,,,,,
12,8.7,0.977454,,,,,,,,,,,,,,,,,,
12,8.8,0.978352,,,,,,,,,,,,,,,,,,
12,8.9,0.979251,,,,,,,,,,,,,,,,,,
12,9,0.980149,,,,,,,,,,,,,,,,,,
12,9.1,0.981048,,,,,,,,,,,,,,,,,,
12,9.2,0.981947,,,,,,,,,,,,,,,,,,
12,9.3,0.982845,,,,,,,,,,,,,,,,,,
12,9.4,0.983744,,,,,,,,,,,,,,,,,,
12,9.5,0.984642,,,,,,,,,,,,,,,,,,
12,9.6,0.985541,,,,,,,,,,,,,,,,,,
12,9.7,0.986439,,,,,,,,,,,,,,,,,,
12,9.8,0.987338,,,,,,,,,,,,,,,,,,
12,9.9,0.988236,,,,,,,,,,,,,,,,,,
12,10,0.989135,,,,,,,,,,,,,,,,,,
9,0,-0.00695198,,,,,,,,,,,,,,,,,,
9,0.1,0.112692,,,,,,,,,,,,,,,,,,
9,0.2,0.302663,,,,,,,,,,,,,,,,,,
9,0.3,0.5032,,,,,,,,,,,,,,,,,,
9,0.4,0.672851,,,,,,,,,,,,,,,,,,
9,0.5,0.748354,,,,,,,,,,,,,,,,,,
9,0.6,0.757643,,,,,,,,,,,,,,,,,,
9,0.7,0.758918,,,,,,,,,,,,,,,,,,
9,0.8,0.759632,,,,,,,,,,,,,,,,,,
9,0.9,0.760386,,,,,,,,,,,,,,,,,,
9,1,0.761139,,,,,,,,,,,,,,,,,,
9,1.1,0.761892,,,,,,,,,,,,,,,,,,
9,1.2,0.762644,,,,,,,,,,,,,,,,,,
9,1.3,0.763397,,,,,,,,,,,,,,,,,,
9,1.4,0.76415,,,,,,,,,,,,,,,,,,
9,1.5,0.764903,,,,,,,,,,,,,,,,,,
9,1.6,0.765655,,,,,,,,,,,,,,,,,,
9,1.7,0.766408,,,,,,,,,,,,,,,,,,
9,1.8,0.767161,,,,,,,,,,,,,,,,,,
9,1.9,0.767913,,,,,,,,,,,,,,,,,,
9,2,0.768666,,,,,,,,,,,,,,,,,,
9,2.1,0.769419,,,,,,,,,,,,,,,,,,
9,2.2,0.770172,,,,,,,,,,,,,,,,,,
9,2.3,0.770924,,,,,,,,,,,,,,,,,,
9,2.4,0.771677,,,,,,,,,,,,,,,,,,
9,2.5,0.77243,,,,,,,,,,,,,,,,,,
9,2.6,0.773183,,,,,,,,,,,,,,,,,,
9,2.7,0.773935,,,,,,,,,,,,,,,,,,
9,2.8,0.774688,,,,,,,,,,,,,,,,,,
9,2.9,0.775441,,,,,,,,,,,,,,,,,,
9,3,0.776194,,,,,,,,,,,,,,,,,,
9,3.1,0.776946,,,,,,,,,,,,,,,,,,
9,3.2,0.777699,,,,,,,,,,,,,,,,,,
9,3.3,0.778452,,,,,,,,,,,,,,,,,,
9,3.4,0.779205,,,,,,,,,,,,,,,,,,
9,3.5,0.779957,,,,,,,,,,,,,,,,,,
9,3.6,0.78071,,,,,,,,,,,,,,,,,,
9,3.7,0.781463,,,,,,,,,,,,,,,,,,
9,3.8,0.782215,,,,,,,,,,,,,,,,,,
9,3.9,0.782968,,,,,,,,,,,,,,,,,,
9,4,0.783721,,,,,,,,,,,,,,,,,,
9,4.1,0.784474,,,,,,,,,,,,,,,,,,
9,4.2,0.785226,,,,,,,,,,,,,,,,,,
9,4.3,0.785979,,,,,,,,,,,,,,,,,,
9,4.4,0.786732,,,,,,,,,,,,,,,,,,
9,4.5,0.787485,,,,,,,,,,,,,,,,,,
9,4.6,0.788237,,,,,,,,,,,,,,,,,,
9,4.7,0.78899,,,,,,,,,,,,,,,,,,
9,4.8,0.789743,,,,,,,,,,,,,,,,,,
9,4.9,0.790496,,,,,,,,,,,,,,,,,,
9,5,0.791248,,,,,,,,,,,,,,,,,,
9,5.1,0.792001,,,,,,,,,,,,,,,,,,
9,5.2,0.792754,,,,,,,,,,,,,,,,,,
9,5.3,0.793506,,,,,,,,,,,,,,,,,,
9,5.4,0.794259,,,,,,,,,,,,,,,,,,
9,5.5,0.795012,,,,,,,,,,,,,,,,,,
9,5.6,0.795765,,,,,,,,,,,,,,,,,,
9,5.7,0.796517,,,,,,,,,,,,,,,,,,
9,5.8,0.79727,,,,,,,,,,,,,,,,,,
9,5.9,0.798023,,,,,,,,,,,,,,,,,,
9,6,0.798776,,,,,,,,,,,,,,,,,,
9,6.1,0.799528,,,,,,,,,,,,,,,,,,
9,6.2,0.800281,,,,,,,,,,,,,,,,,,
9,6.3,0.801034,,,,,,,,,,,,,,,,,,
9,6.4,0.801787,,,,,,,,,,,,,,,,,,
9,6.5,0.802539,,,,,,,,,,,,,,,,,,
9,6.6,0.803292,,,,,,,,,,,,,,,,,,
9,6.7,0.804045,,,,,,,,,,,,,,,,,,
9,6.8,0.804798,,,,,,,,,,,,,,,,,,
9,6.9,0.80555,,,,,,,,,,,,,,,,,,
9,7,0.806303,,,,,,,,,,,,,,,,,,
9,7.1,0.807056,,,,,,,,,,,,,,,,,,
9,7.2,0.807808,,,,,,,,,,,,,,,,,,
9,7.3,0.808561,,,,,,,,,,,,,,,,,,
9,7.4,0.809314,,,,,,,,,,,,,,,,,,
9,7.5,0.810067,,,,,,,,,,,,,,,,,,
9,7.6,0.810819,,,,,,,,,,,,,,,,,,
9,7.7,0.811572,,,,,,,,,,,,,,,,,,
9,7.8,0.812325,,,,,,,,,,,,,,,,,,
9,7.9,0.813078,,,,,,,,,,,,,,,,,,
9,8,0.81383,,,,,,,,,,,,,,,,,,
9,8.1,0.814583,,,,,,,,,,,,,,,,,,
9,8.2,0.815336,,,,,,,,,,,,,,,,,,
9,8.3,0.816089,,,,,,,,,,,,,,,,,,
9,8.4,0.816841,,,,,,,,,,,,,,,,,,
9,8.5,0.817594,,,,,,,,,,,,,,,,,,
9,8.6,0.818347,,,,,,,,,,,,,,,,,,
9,8.7,0.8191,,,,,,,,,,,,,,,,,,
9,8.8,0.819852,,,,,,,,,,,,,,,,,,
9,8.9,0.820605,,,,,,,,,,,,,,,,,,
9,9,0.821358,,,,,,,,,,,,,,,,,,
9,9.1,0.82211,,,,,,,,,,,,,,,,,,
9,9.2,0.822863,,,,,,,,,,,,,,,,,,
9,9.3,0.823616,,,,,,,,,,,,,,,,,,
9,9.4,0.824369,,,,,,,,,,,,,,,,,,
9,9.5,0.825121,,,,,,,,,,,,,,,,,,
9,9.6,0.825874,,,,,,,,,,,,,,,,,,
9,9.7,0.826627,,,,,,,,,,,,,,,,,,
9,9.8,0.82738,,,,,,,,,,,,,,,,,,
9,9.9,0.828132,,,,,,,,,,,,,,,,,,
9,10,0.828885,,,,,,,,,,,,,,,,,,
6,0,-0.0047374,,,,,,,,,,,,,,,,,,
6,0.1,0.0960202,,,,,,,,,,,,,,,,,,
6,0.2,0.272226,,,,,,,,,,,,,,,,,,
6,0.3,0.449747,,,,,,,,,,,,,,,,,,
6,0.4,0.561706,,,,,,,,,,,,,,,,,,
6,0.5,0.58415,,,,,,,,,,,,,,,,,,
6,0.6,0.585881,,,,,,,,,,,,,,,,,,
6,0.7,0.586541,,,,,,,,,,,,,,,,,,
6,0.8,0.587126,,,,,,,,,,,,,,,,,,
6,0.9,0.587707,,,,,,,,,,,,,,,,,,
6,1,0.588289,,,,,,,,,,,,,,,,,,
6,1.1,0.58887,,,,,,,,,,,,,,,,,,
6,1.2,0.589452,,,,,,,,,,,,,,,,,,
6,1.3,0.590033,,,,,,,,,,,,,,,,,,
6,1.4,0.590615,,,,,,,,,,,,,,,,,,
6,1.5,0.591196,,,,,,,,,,,,,,,,,,
6,1.6,0.591778,,,,,,,,,,,,,,,,,,
6,1.7,0.592359,,,,,,,,,,,,,,,,,,
6,1.8,0.592941,,,,,,,,,,,,,,,,,,
6,1.9,0.593522,,,,,,,,,,,,,,,,,,
6,2,0.594104,,,,,,,,,,,,,,,,,,
6,2.1,0.594685,,,,,,,,,,,,,,,,,,
6,2.2,0.595267,,,,,,,,,,,,,,,,,,
6,2.3,0.595848,,,,,,,,,,,,,,,,,,
6,2.4,0.59643,,,,,,,,,,,,,,,,,,
6,2.5,0.597011,,,,,,,,,,,,,,,,,,
6,2.6,0.597593,,,,,,,,,,,,,,,,,,
6,2.7,0.598174,,,,,,,,,,,,,,,,,,
6,2.8,0.598756,,,,,,,,,,,,,,,,,,
6,2.9,0.599337,,,,,,,,,,,,,,,,,,
6,3,0.599919,,,,,,,,,,,,,,,,,,
6,3.1,0.6005,,,,,,,,,,,,,,,,,,
6,3.2,0.601082,,,,,,,,,,,,,,,,,,
6,3.3,0.601663,,,,,,,,,,,,,,,,,,
6,3.4,0.602245,,,,,,,,,,,,,,,,,,
6,3.5,0.602826,,,,,,,,,,,,,,,,,,
6,3.6,0.603408,,,,,,,,,,,,,,,,,,
6,3.7,0.603989,,,,,,,,,,,,,,,,,,
6,3.8,0.604571,,,,,,,,,,,,,,,,,,
6,3.9,0.605152,,,,,,,,,,,,,,,,,,
6,4,0.605734,,,,,,,,,,,,,,,,,,
6,4.1,0.606315,,,,,,,,,,,,,,,,,,
6,4.2,0.606897,,,,,,,,,,,,,,,,,,
6,4.3,0.607479,,,,,,,,,,,,,,,,,,
6,4.4,0.60806,,,,,,,,,,,,,,,,,,
6,4.5,0.608642,,,,,,,,,,,,,,,,,,
6,4.6,0.609223,,,,,,,,,,,,,,,,,,
6,4.7,0.609805,,,,,,,,,,,,,,,,,,
6,4.8,0.610386,,,,,,,,,,,,,,,,,,
6,4.9,0.610968,,,,,,,,,,,,,,,,,,
6,5,0.611549,,,,,,,,,,,,,,,,,,
6,5.1,0.612131,,,,,,,,,,,,,,,,,,
6,5.2,0.612712,,,,,,,,,,,,,,,,,,
6,5.3,0.613294,,,,,,,,,,,,,,,,,,
6,5.4,0.613875,,,,,,,,,,,,,,,,,,
6,5.5,0.614457,,,,,,,,,,,,,,,,,,
6,5.6,0.615038,,,,,,,,,,,,,,,,,,
6,5.7,0.61562,,,,,,,,,,,,,,,,,,
6,5.8,0.616201,,,,,,,,,,,,,,,,,,
6,5.9,0.616783,,,,,,,,,,,,,,,,,,
6,6,0.617364,,,,,,,,,,,,,,,,,,
6,6.1,0.617946,,,,,,,,,,,,,,,,,,
6,6.2,0.618527,,,,,,,,,,,,,,,,,,
6,6.3,0.619109,,,,,,,,,,,,,,,,,,
6,6.4,0.61969,,,,,,,,,,,,,,,,,,
6,6.5,0.620272,,,,,,,,,,,,,,,,,,
6,6.6,0.620853,,,,,,,,,,,,,,,,,,
6,6.7,0.621435,,,,,,,,,,,,,,,,,,
6,6.8,0.622016,,,,,,,,,,,,,,,,,,
6,6.9,0.622598,,,,,,,,,,,,,,,,,,
6,7,0.623179,,,,,,,,,,,,,,,,,,
6,7.1,0.623761,,,,,,,,,,,,,,,,,,
6,7.2,0.624342,,,,,,,,,,,,,,,,,,
6,7.3,0.624924,,,,,,,,,,,,,,,,,,
6,7.4,0.625505,,,,,,,,,,,,,,,,,,
6,7.5,0.626087,,,,,,,,,,,,,,,,,,
6,7.6,0.626668,,,,,,,,,,,,,,,,,,
6,7.7,0.62725,,,,,,,,,,,,,,,,,,
6,7.8,0.627831,,,,,,,,,,,,,,,,,,
6,7.9,0.628413,,,,,,,,,,,,,,,,,,
6,8,0.628994,,,,,,,,,,,,,,,,,,
6,8.1,0.629576,,,,,,,,,,,,,,,,,,
6,8.2,0.630157,,,,,,,,,,,,,,,,,,
6,8.3,0.630739,,,,,,,,,,,,,,,,,,
6,8.4,0.63132,,,,,,,,,,,,,,,,,,
6,8.5,0.631902,,,,,,,,,,,,,,,,,,
6,8.6,0.632483,,,,,,,,,,,,,,,,,,
6,8.7,0.633065,,,,,,,,,,,,,,,,,,
6,8.8,0.633646,,,,,,,,,,,,,,,,,,
6,8.9,0.634228,,,,,,,,,,,,,,,,,,
6,9,0.634809,,,,,,,,,,,,,,,,,,
6,9.1,0.635391,,,,,,,,,,,,,,,,,,
6,9.2,0.635972,,,,,,,,,,,,,,,,,,
6,9.3,0.636554,,,,,,,,,,,,,,,,,,
6,9.4,0.637135,,,,,,,,,,,,,,,,,,
6,9.5,0.637717,,,,,,,,,,,,,,,,,,
6,9.6,0.638298,,,,,,,,,,,,,,,,,,
6,9.7,0.63888,,,,,,,,,,,,,,,,,,
6,9.8,0.639461,,,,,,,,,,,,,,,,,,
6,9.9,0.640043,,,,,,,,,,,,,,,,,,
6,10,0.640624,,,,,,,,,,,,,,,,,,
3,0,-0.00245952,,,,,,,,,,,,,,,,,,
3,0.1,0.0678554,,,,,,,,,,,,,,,,,,
3,0.2,0.214501,,,,,,,,,,,,,,,,,,
3,0.3,0.332809,,,,,,,,,,,,,,,,,,
3,0.4,0.363932,,,,,,,,,,,,,,,,,,
3,0.5,0.366557,,,,,,,,,,,,,,,,,,
3,0.6,0.367052,,,,,,,,,,,,,,,,,,
3,0.7,0.367414,,,,,,,,,,,,,,,,,,
3,0.8,0.367779,,,,,,,,,,,,,,,,,,
3,0.9,0.368143,,,,,,,,,,,,,,,,,,
3,1,0.368507,,,,,,,,,,,,,,,,,,
3,1.1,0.368871,,,,,,,,,,,,,,,,,,
3,1.2,0.369235,,,,,,,,,,,,,,,,,,
3,1.3,0.369599,,,,,,,,,,,,,,,,,,
3,1.4,0.369963,,,,,,,,,,,,,,,,,,
3,1.5,0.370326,,,,,,,,,,,,,,,,,,
3,1.6,0.37069,,,,,,,,,,,,,,,,,,
3,1.7,0.371054,,,,,,,,,,,,,,,,,,
3,1.8,0.371418,,,,,,,,,,,,,,,,,,
3,1.9,0.371782,,,,,,,,,,,,,,,,,,
3,2,0.372146,,,,,,,,,,,,,,,,,,
3,2.1,0.37251,,,,,,,,,,,,,,,,,,
3,2.2,0.372874,,,,,,,,,,,,,,,,,,
3,2.3,0.373238,,,,,,,,,,,,,,,,,,
3,2.4,0.373602,,,,,,,,,,,,,,,,,,
3,2.5,0.373966,,,,,,,,,,,,,,,,,,
3,2.6,0.37433,,,,,,,,,,,,,,,,,,
3,2.7,0.374694,,,,,,,,,,,,,,,,,,
3,2.8,0.375058,,,,,,,,,,,,,,,,,,
3,2.9,0.375422,,,,,,,,,,,,,,,,,,
3,3,0.375786,,,,,,,,,,,,,,,,,,
3,3.1,0.37615,,,,,,,,,,,,,,,,,,
3,3.2,0.376514,,,,,,,,,,,,,,,,,,
3,3.3,0.376878,,,,,,,,,,,,,,,,,,
3,3.4,0.377242,,,,,,,,,,,,,,,,,,
3,3.5,0.377605,,,,,,,,,,,,,,,,,,
3,3.6,0.377969,,,,,,,,,,,,,,,,,,
3,3.7,0.378333,,,,,,,,,,,,,,,,,,
3,3.8,0.378697,,,,,,,,,,,,,,,,,,
3,3.9,0.379061,,,,,,,,,,,,,,,,,,
3,4,0.379425,,,,,,,,,,,,,,,,,,
3,4.1,0.379789,,,,,,,,,,,,,,,,,,
3,4.2,0.380153,,,,,,,,,,,,,,,,,,
3,4.3,0.380517,,,,,,,,,,,,,,,,,,
3,4.4,0.380881,,,,,,,,,,,,,,,,,,
3,4.5,0.381245,,,,,,,,,,,,,,,,,,
3,4.6,0.381609,,,,,,,,,,,,,,,,,,
3,4.7,0.381973,,,,,,,,,,,,,,,,,,
3,4.8,0.382337,,,,,,,,,,,,,,,,,,
3,4.9,0.382701,,,,,,,,,,,,,,,,,,
3,5,0.383065,,,,,,,,,,,,,,,,,,
3,5.1,0.383429,,,,,,,,,,,,,,,,,,
3,5.2,0.383793,,,,,,,,,,,,,,,,,,
3,5.3,0.384157,,,,,,,,,,,,,,,,,,
3,5.4,0.384521,,,,,,,,,,,,,,,,,,
3,5.5,0.384884,,,,,,,,,,,,,,,,,,
3,5.6,0.385248,,,,,,,,,,,,,,,,,,
3,5.7,0.385612,,,,,,,,,,,,,,,,,,
3,5.8,0.385976,,,,,,,,,,,,,,,,,,
3,5.9,0.38634,,,,,,,,,,,,,,,,,,
3,6,0.386704,,,,,,,,,,,,,,,,,,
3,6.1,0.387068,,,,,,,,,,,,,,,,,,
3,6.2,0.387432,,,,,,,,,,,,,,,,,,
3,6.3,0.387796,,,,,,,,,,,,,,,,,,
3,6.4,0.38816,,,,,,,,,,,,,,,,,,
3,6.5,0.388524,,,,,,,,,,,,,,,,,,
3,6.6,0.388888,,,,,,,,,,,,,,,,,,
3,6.7,0.389252,,,,,,,,,,,,,,,,,,
3,6.8,0.389616,,,,,,,,,,,,,,,,,,
3,6.9,0.38998,,,,,,,,,,,,,,,,,,
3,7,0.390344,,,,,,,,,,,,,,,,,,
3,7.1,0.390708,,,,,,,,,,,,,,,,,,
3,7.2,0.391072,,,,,,,,,,,,,,,,,,
3,7.3,0.391436,,,,,,,,,,,,,,,,,,
3,7.4,0.3918,,,,,,,,,,,,,,,,,,
3,7.5,0.392163,,,,,,,,,,,,,,,,,,
3,7.6,0.392527,,,,,,,,,,,,,,,,,,
3,7.7,0.392891,,,,,,,,,,,,,,,,,,
3,7.8,0.393255,,,,,,,,,,,,,,,,,,
3,7.9,0.393619,,,,,,,,,,,,,,,,,,
3,8,0.393983,,,,,,,,,,,,,,,,,,
3,8.1,0.394347,,,,,,,,,,,,,,,,,,
3,8.2,0.394711,,,,,,,,,,,,,,,,,,
3,8.3,0.395075,,,,,,,,,,,,,,,,,,
3,8.4,0.395439,,,,,,,,,,,,,,,,,,
3,8.5,0.395803,,,,,,,,,,,,,,,,,,
3,8.6,0.396167,,,,,,,,,,,,,,,,,,
3,8.7,0.396531,,,,,,,,,,,,,,,,,,
3,8.8,0.396895,,,,,,,,,,,,,,,,,,
3,8.9,0.397259,,,,,,,,,,,,,,,,,,
3,9,0.397623,,,,,,,,,,,,,,,,,,
3,9.1,0.397987,,,,,,,,,,,,,,,,,,
3,9.2,0.398351,,,,,,,,,,,,,,,,,,
3,9.3,0.398715,,,,,,,,,,,,,,,,,,
3,9.4,0.399079,,,,,,,,,,,,,,,,,,
3,9.5,0.399442,,,,,,,,,,,,,,,,,,
3,9.6,0.399806,,,,,,,,,,,,,,,,,,
3,9.7,0.40017,,,,,,,,,,,,,,,,,,
3,9.8,0.400534,,,,,,,,,,,,,,,,,,
3,9.9,0.400898,,,,,,,,,,,,,,,,,,
3,10,0.401262,,,,,,,,,,,,,,,,,,
